{"GohyPjTOnEeasbDAcUxKhw==":"rsz_t_logo-1050x750.jpg","dMy4NKj93Lr7JEAUASA17Q==":"background4.jpg","EHLXJz30A6msu4l2DcV76A==":"background2.jpg","gAAd5vmLLBlx9faQW1Z1Lw==":"header-359x345.png","2r+m+64ya5wkO3jYl4HQNA==":"03.jpg","CGGtf1MuvLFB/KUrA/+mag==":"jumbotron.jpg","1JKDJeTYxGNJsw5nbEU9wA==":"machine%20learning-412x291.jpg","e6UbxbSGe7J1+ujLVb5ohA==":"deepmind-artificial-intelligence-412x291.jpg","ZHGgbZDyOWRgXM+jxbRzHw==":"internetof%20things-412x291.jpg","kwB5wMaM8EDFi1IEL8c4dA==":"vidit-305x305.png","+nEnFndLXH9A1Ri2K81E9Q==":"deep-378x378.jpg","UHQYQfjpR9lUWxCrMyNFKQ==":"rsz_utkarsh-200x200.jpg","HyJ2Atptr2pMFL+dDJ1jnQ==":"marines-2000x1121.jpg","cchgmIp18ZGln564Ii8E5A==":"mbr-1440x1080.jpg","ghz1zW9n9WKpVvxqc8h8TQ==":"mbr-1620x1080.jpg","OMS+rak6/O5aCEVsVmy32w==":"mbr-1634x1080.jpg","ZsJwxNG2SFz0uDUdlaIXpQ==":"header-game-development-412x291.jpg","7zmeNE7BGAh1FqiuPhATIA==":"chat_bot-1-412x291.jpg","bR8VZIf0Q0IKXJ+17RALtA==":"modernapp-412x291.jpg","pwQ71TTenljK8L72SfDa8g==":"crypto-412x291.jpg","QqVKEhWxaokB70GKToYfkA==":"crypto-1-412x291.jpg","MPWgwn1dVEozajd228K8wg==":"crypto-2-412x291.jpg","dz7AZDr3y/9uyTJTvvZwHA==":"crypto-3-412x291.jpg","XtWWku3OmP9NQzYlXj9s/A==":"chat_bot-2-412x291.jpg","f5dk8BHI034KXqYjzB6Fkw==":"chat_bot-3-412x291.jpg","sbb1u5EhmDATGFoTvJlUEg==":"chat_bot-4-412x291.jpg","UxhUskKNSNHjRqye4r4TLw==":"crypto-4-412x291.jpg","Lzuoe1S+zFEB7vFk/oopUg==":"header-game-development-1-412x291.jpg","s0lgVd6RGFP3D0P8uEca5w==":"best-programming-language-sg-412x291.jpg","5ZTxD8+2fMiVccOIXSk2Qg==":"ethical-412x291.jpg","nQMttKodnWtsbF7VVrt9fg==":"jash-589x589.jpg","aUZVA61Sd7WQRWObBwwjqg==":"roger-960x1280.jpg","qPg7EfNMiMuEcq5Gnrfi0A==":"rsz_1roger-700x700.jpg","9YE5WLkF8Fd3qTLwoYYeAg==":"roger2-640x640.jpg","LF/sDi4yJPk0uxpKgbSfJg==":"t%20logo-2100x1500.png","rXb7PJavxBxnhc901Hn4Ow==":"tupleslogo5-171x167.jpg","BtK8CQNUf7W1GuMkaRFAhw==":"tupleslogo2-1024x1024.png","mVkN0DPTSSqM0pcQ34b1yA==":"page1-852x480.jpg","MX3tMSxOSQfgYqdUUyBJAA==":"mbr-1618x1080.jpg","PQaQDYCrzWxMjmjcPa1tmg==":"mbr-1-1620x1080.jpg","CEBkJDrViQHiEcrFvAY8ZQ==":"mbr-2-1620x1080.jpg","zWHYNTLIgUqwnVZyvf1GVQ==":"mbr-1631x1080.jpg","j5/Fald5nECu7TOluufLmw==":"mbr-1667x1080.jpg","t5TR8yF2eJsgIURJGW7r8g==":"mbr-3-1620x1080.jpg","HGbfqtay/w0xs/vQidE1iw==":"mbr-1613x1080.jpg","x4Sft0nu93IKEOobnOb9Vg==":"mbr-1-1440x1080.jpg","6TDGAFlHwe29oh1bPUrwgQ==":"mbr-4-1620x1080.jpg","LxTMm/EzSiBE8sBrIfYQ3g==":"background-852x480.jpg"}